{
  "version": "2019.2",
  "applications": [],
  "platforms": [],
  "systems": [
    {
      "name": "final_design_system",
      "platform": "/home/parham/final_design/software/camera2hdmi_wrapper/export/camera2hdmi_wrapper/camera2hdmi_wrapper.xpfm",
      "sysConfig": "camera2hdmi_wrapper",
      "applications": [
        {
          "name": "final_design",
          "platform": "/home/parham/final_design/software/camera2hdmi_wrapper/export/camera2hdmi_wrapper/camera2hdmi_wrapper.xpfm",
          "platformPath": "/home/parham/final_design/software/camera2hdmi_wrapper/export/camera2hdmi_wrapper",
          "sysConfig": "camera2hdmi_wrapper",
          "domain": "standalone_domain",
          "system": "final_design_system"
        }
      ],
      "platformPath": "/home/parham/final_design/software/camera2hdmi_wrapper/export/camera2hdmi_wrapper"
    }
  ],
  "others": []
}